{
    "rmse": 0.6909919758572091,
    "mae": 0.5395744234419518,
    "r2": 0.30820887511796546
}